date,tweet
8/2/2025,"Amazing quality from NVIDIA, exceeded my expectations!"
8/7/2025,This is the best thing I've bought this year!
8/5/2025,Terrible delivery time. Took weeks to arrive.
8/16/2025,Worst service ever. I will never buy again.
7/31/2025,I love this product! Absolutely fantastic experience in gaming.
7/29/2025,Worst service ever. I will never buy again.
8/4/2025,"Great customer support, very happy with the response."
8/7/2025,"The app keeps crashing, very frustrating."
7/21/2025,I love this product! Absolutely fantastic experience.
8/12/2025,"Pretty decent, but could be better."
8/11/2025,Worst service ever. I will never buy again.
8/12/2025,"Amazing quality, exceeded my expectations!"
8/16/2025,I am satisfied with the purchase overall.
8/8/2025,"Amazing quality, exceeded my expectations!"
8/9/2025,"Pretty decent, but could be better."
7/26/2025,"The app keeps crashing, very frustrating."
8/13/2025,This is the best thing I've bought this year!
8/19/2025,Not worth the money. Disappointed.
8/9/2025,This is the best thing Iâ€™ve bought this year!
8/19/2025,"Pretty decent, but could be better."
7/21/2025,Iâ€™m satisfied with the purchase overall.
7/22/2025,Iâ€™m satisfied with the purchase overall.
8/15/2025,Terrible delivery time. Took weeks to arrive.
8/4/2025,"Great customer support, very happy with the response."
7/22/2025,"Great customer support, very happy with the response."
7/31/2025,Iâ€™m satisfied with the purchase overall.
7/31/2025,"Pretty decent, but could be better."
8/5/2025,"Pretty decent, but could be better."
8/12/2025,"The app keeps crashing, very frustrating."
8/4/2025,Terrible delivery time. Took weeks to arrive.
8/5/2025,Not worth the money. Disappointed.
8/4/2025,Iâ€™m satisfied with the purchase overall.
8/2/2025,I love this product! Absolutely fantastic experience.
8/19/2025,Not worth the money. Disappointed.
8/3/2025,"Amazing quality, exceeded my expectations!"
7/29/2025,I love this product! Absolutely fantastic experience.
7/20/2025,Not worth the money. Disappointed.
8/13/2025,Terrible delivery time. Took weeks to arrive.
7/26/2025,"Amazing quality, exceeded my expectations!"
7/28/2025,This is the best thing Iâ€™ve bought this year!
7/28/2025,Not worth the money. Disappointed.
8/17/2025,Terrible delivery time. Took weeks to arrive.
8/15/2025,Terrible delivery time. Took weeks to arrive.
8/17/2025,I love this product! Absolutely fantastic experience.
8/12/2025,Terrible delivery time. Took weeks to arrive.
7/29/2025,Not worth the money. Disappointed.
7/23/2025,This is the best thing Ive bought this year!
7/20/2025,I love this product! Absolutely fantastic experience.
7/30/2025,"The app keeps crashing, very frustrating."
7/26/2025,I am satisfied with the purchase overall.
